group,image,label_audio
A,121.jpg,grimpot.wav
A,622.jpg,ruften.wav
A,312.jpg,ghip.wav
A,523.jpg,lific.wav
A,1013.jpg,choon.wav
A,421.jpg,swech.wav
A,811.jpg,mirshow.wav
A,212.jpg,puziv.wav
A,1111.jpg,jub.wav
A,712.jpg,pooda.wav
A,911.jpg,sykteb.wav
A,1212.jpg,lartsue.wav
A,913.jpg,sykteb.wav
A,1112.jpg,jub.wav
A,123.jpg,grimpot.wav
A,1211.jpg,lartsue.wav
A,812.jpg,mirshow.wav
A,521.jpg,lific.wav
A,1012.jpg,choon.wav
A,211.jpg,puziv.wav
A,711.jpg,pooda.wav
A,313.jpg,ghip.wav
A,623.jpg,ruften.wav
A,423.jpg,swech.wav
A,1011.jpg,choon.wav
A,122.jpg,grimpot.wav
A,713.jpg,pooda.wav
A,1113.jpg,jub.wav
A,311.jpg,ghip.wav
A,1213.jpg,lartsue.wav
A,813.jpg,mirshow.wav
A,621.jpg,ruften.wav
A,422.jpg,swech.wav
A,522.jpg,lific.wav
A,213.jpg,puziv.wav
A,912.jpg,sykteb.wav